<EndDeviceControl href="/drp/1/edc" replyTo="{hostname}/rsp" responseRequired="01" subscribable="0" xmlns="urn:ieee:std:2030.5:ns">
	<mRID>CAFEFEED</mRID>
	<description>Emergency One Hour Coffee Brew</description>
	<creationTime>1234556</creationTime>
	<EventStatus>
		<currentStatus>2</currentStatus>
		<dateTime>1234960</dateTime>
		<potentiallySuperseded>false</potentiallySuperseded>
		<reason>Caffeine Overload</reason>
	</EventStatus>
	<interval>
		<duration>360</duration>
		<start>1234900</start>
	</interval>
	<randomizeDuration>60</randomizeDuration>
	<randomizeStart>60</randomizeStart>
	<deviceCategory>0008</deviceCategory>
	<drProgramMandatory>true</drProgramMandatory>
	<loadShiftForward>true</loadShiftForward>
	<SetPoint>
		<heatingSetpoint>10000</heatingSetpoint>
	</SetPoint>
</EndDeviceControl>
