<DERControlList all="2" href="/derp/0/derc" results="1" subscribable="1" xmlns="urn:ieee:std:2030.5:ns">
	<DERControl>
		<mRID>02BE7A7E57</mRID>
		<description>Example DERControl 1</description>
		<creationTime>1341446390</creationTime>
		<EventStatus>
			<currentStatus>1</currentStatus>
			<dateTime>1341532800</dateTime>
			<potentiallySuperseded>false</potentiallySuperseded>
		</EventStatus>
		<interval>
			<duration>86400</duration>
			<start>1341446400</start>
		</interval>
		<randomizeDuration>180</randomizeDuration>
		<randomizeStart>180</randomizeStart>
		<DERControlBase>
			<opModVoltWatt href="/derp/0/dc/3"/>
		</DERControlBase>
	</DERControl>
</DERControlList>
