<EndDevice href="/edev/3" subscribable="0" xmlns="urn:ieee:std:2030.5:ns">
	<ConfigurationLink href="/edev/3/cfg"/>
	<DeviceInformationLink href="/edev/3/di"/>
	<DeviceStatusLink href="/edev/3/ds"/>
	<FileStatusLink href="/edev/3/fs"/>
	<PowerStatusLink href="/edev/3/ps"/>
	<sFDI>987654321005</sFDI>
	<changedTime>1379905200</changedTime>
	<FunctionSetAssignmentsListLink all="3" href="/edev/3/fsal"/>
	<RegistrationLink href="/edev/3/reg"/>
	<SubscriptionListLink all="0" href="/edev/3/subl"/>
</EndDevice>
