<PowerStatus xmlns="urn:ieee:std:2030.5:ns">
 <batteryStatus>2</batteryStatus>      <!-- less than LowChargeThreshold remaining -->
 <changedTime>1379905200</changedTime>                     <!-- 3:00 AM 9/23/2013 -->
 <currentPowerSource>1</currentPowerSource>                <!-- mains -->
 <estimatedChargeRemaining>150</estimatedChargeRemaining>
 <PEVInfo>
  <chargingPowerNow>
   <multiplier>0</multiplier>
   <value>3000</value>
  </chargingPowerNow>
  <energyRequestNow>
   <multiplier>0</multiplier>
   <value>6100</value>
  </energyRequestNow>
  <maxForwardPower>
   <multiplier>3</multiplier>
   <value>24</value>                                      <!-- 24 kW -->
  </maxForwardPower>
  <minimumChargingDuration>4337</minimumChargingDuration> <!-- 3600sec * 6100Wh/7000W +
                                                               1200sec conditioning -->
  <targetStateOfCharge>10000</targetStateOfCharge>
  <timeChargeIsNeeded>1379923200</timeChargeIsNeeded>     <!-- 8:00 AM 9/23/2013 -->
  <timeChargingStatusPEV>1379905200</timeChargingStatusPEV>
 </PEVInfo>
</PowerStatus>
