<MirrorMeterReadingList xmlns="urn:ieee:std:2030.5:ns">
	<MirrorMeterReading>
		<mRID>0700006CC8</mRID>
		<Reading>
			<value>574</value>
		</Reading>
	</MirrorMeterReading>
	<MirrorMeterReading>
		<mRID>0800006CC8</mRID>
		<MirrorReadingSet>
			<mRID>0900006CC8</mRID>
			<timePeriod>
				<duration>86400</duration>
				<start>1341665765</start>
			</timePeriod>
			<Reading>
				<value>9</value>
				<localID>00</localID>
			</Reading>
			<Reading>
				<value>12</value>
				<localID>01</localID>
			</Reading>
			<Reading>
				<value>10</value>
				<localID>02</localID>
			</Reading>
			<Reading>
				<value>13</value>
				<localID>03</localID>
			</Reading>
			<Reading>
				<value>11</value>
				<localID>04</localID>
			</Reading>
			<Reading>
				<value>11</value>
				<localID>05</localID>
			</Reading>
			<Reading>
				<value>10</value>
				<localID>06</localID>
			</Reading>
			<Reading>
				<value>12</value>
				<localID>07</localID>
			</Reading>
			<Reading>
				<value>9</value>
				<localID>08</localID>
			</Reading>
			<Reading>
				<value>7</value>
				<localID>09</localID>
			</Reading>
			<Reading>
				<value>6</value>
				<localID>0A</localID>
			</Reading>
			<Reading>
				<value>5</value>
				<localID>0B</localID>
			</Reading>
			<Reading>
				<value>8</value>
				<localID>0C</localID>
			</Reading>
			<Reading>
				<value>9</value>
				<localID>0D</localID>
			</Reading>
			<Reading>
				<value>10</value>
				<localID>0E</localID>
			</Reading>
			<Reading>
				<value>12</value>
				<localID>0F</localID>
			</Reading>
			<Reading>
				<value>14</value>
				<localID>10</localID>
			</Reading>
			<Reading>
				<value>13</value>
				<localID>11</localID>
			</Reading>
			<Reading>
				<value>11</value>
				<localID>12</localID>
			</Reading>
			<Reading>
				<value>7</value>
				<localID>13</localID>
			</Reading>
			<Reading>
				<value>8</value>
				<localID>14</localID>
			</Reading>
			<Reading>
				<value>10</value>
				<localID>15</localID>
			</Reading>
			<Reading>
				<value>10</value>
				<localID>16</localID>
			</Reading>
			<Reading>
				<value>10</value>
				<localID>17</localID>
			</Reading>
		</MirrorReadingSet>
	</MirrorMeterReading>
</MirrorMeterReadingList>
