<FlowReservationResponseList all="1" href="/edev/3/frp" results="1" subscribable="1" xmlns="urn:ieee:std:2030.5:ns">
 <FlowReservationResponse href="/edev/3/frp/1" subscribable="1">
  <mRID>f8afa6fde40db98d0000ea75</mRID>
  <description>Charge from 1:00 AM to 5:20 AM</description>
  <!-- 1379869260 = 09/22/2013 5:01:00 PM -->
  <creationTime>1379869260</creationTime>
  <EventStatus>
   <currentStatus>0</currentStatus>        <!-- Scheduled -->
   <dateTime>1379869260</dateTime>
   <potentiallySuperseded>false</potentiallySuperseded>
  </EventStatus>
  <interval>
   <duration>15600</duration>              <!-- 4 hours 20 minutes -->
   <start>1379898000</start>               <!-- 1:00 AM 9/23/2013 -->
  </interval>
  <energyAvailable>
   <!-- 12000 Wh -->
   <multiplier>0</multiplier>
   <value>12000</value>
  </energyAvailable>
  <powerAvailable>
   <multiplier>0</multiplier>
   <value>3000</value>
  </powerAvailable>
  <subject>68512866203db3b10000e566</subject>
 </FlowReservationResponse>
</FlowReservationResponseList>
