<FlowReservationRequest xmlns="urn:ieee:std:2030.5:ns">
 <mRID>68512866203db3b20000e566</mRID>
 <description>Charge from 1:00 AM to 6:00 AM</description>
 <creationTime>1379898000</creationTime>     <!-- 9/23/2013 1:00 AM -->
 <durationRequested>7371</durationRequested> <!-- 6171sec charging +  
                                                  1200sec conditioning -->
 <energyRequested>
  <multiplier>3</multiplier>                <!-- 12 kWh -->
  <value>12</value>
 </energyRequested>
 <intervalRequested>
  <duration>14400</duration>                <!-- 5 hours -->
  <start>1379898000</start>                 <!-- 9/23/2013 1:00 AM -->
 </intervalRequested>
 <powerRequested>
  <multiplier>3</multiplier>                <!-- 7 kW -->
  <value>7</value>
 </powerRequested>
 <RequestStatus>
  <dateTime>1379898000</dateTime>
  <requestStatus>0</requestStatus>          <!-- Requested -->
 </RequestStatus>
</FlowReservationRequest>
