<FlowReservationRequest xmlns="urn:ieee:std:2030.5:ns">
 <mRID>68512866203db3b10000e566</mRID>
 <description>Charge from 12:00 AM to 8:00 AM</description>
 <creationTime>1379869200</creationTime>     <!-- 9/22/2013 5:00 PM -->
 <durationRequested>7371</durationRequested> <!-- 6171sec charging +  
                                                  1200sec conditioning -->
 <energyRequested>
  <multiplier>3</multiplier>                <!-- 12 kWh -->
  <value>12</value>
 </energyRequested>
 <intervalRequested>
  <duration>28800</duration>                <!-- 8 hours -->
  <start>1379894400</start>                 <!-- 9/23/2013 12:00 AM -->
 </intervalRequested>
 <powerRequested>
  <multiplier>3</multiplier>                <!-- 7 kW -->
  <value>7</value>
 </powerRequested>
 <RequestStatus>
  <dateTime>1379898060</dateTime>
  <requestStatus>1</requestStatus>          <!-- Canceled -->
 </RequestStatus>
</FlowReservationRequest>
